{
    "eye_infos": {
        "left_eye_info": {
            "top-left": [
                0.25778950202350637,
                8.188352656122568
            ],
            "top-right": [
                0.7258678392285789,
                8.188352656122568
            ],
            "bottom-right": [
                0.7258678392285789,
                7.793904619152002
            ],
            "bottom-left": [
                0.25778950202350637,
                7.793904619152002
            ]
        },
        "right_eye_info": {
            "top-left": [
                -0.25778950202350637,
                8.188352656122568
            ],
            "top-right": [
                -0.7258678392285789,
                8.188352656122568
            ],
            "bottom-right": [
                -0.7258678392285789,
                7.793904619152002
            ],
            "bottom-left": [
                -0.25778950202350637,
                7.793904619152002
            ]
        }
    }
}